INSERT INTO Farmer (id,farmer_inf_login,balance,farm_id) VALUES (79,66,47,99)
INSERT INTO Farmer_orders  (id,farmer_id, order_id) VALUES (88,42,76)
INSERT INTO Order_for_drive (id,driver_id,farmer_id,cost) VALUES (0,83,22,5)
INSERT INTO Arbitration (id,order_id,driver_id,fermer_id) VALUES (77,97,14,74)
INSERT INTO Farmer (id,farmer_inf_login,balance,farm_id) VALUES (51,86,86,15)
INSERT INTO Farmer_orders  (id,farmer_id, order_id) VALUES (10,21,63)
INSERT INTO Order_for_drive (id,driver_id,farmer_id,cost) VALUES (76,23,70,1)
INSERT INTO Arbitration (id,order_id,driver_id,fermer_id) VALUES (35,3,50,63)
INSERT INTO Farmer (id,farmer_inf_login,balance,farm_id) VALUES (82,91,71,63)
INSERT INTO Farmer_orders  (id,farmer_id, order_id) VALUES (86,57,5)
INSERT INTO Order_for_drive (id,driver_id,farmer_id,cost) VALUES (81,58,70,85)
INSERT INTO Arbitration (id,order_id,driver_id,fermer_id) VALUES (86,38,96,39)
INSERT INTO Farmer (id,farmer_inf_login,balance,farm_id) VALUES (70,69,40,27)
INSERT INTO Farmer_orders  (id,farmer_id, order_id) VALUES (1,67,98)
INSERT INTO Order_for_drive (id,driver_id,farmer_id,cost) VALUES (97,84,77,9)
INSERT INTO Arbitration (id,order_id,driver_id,fermer_id) VALUES (19,95,53,11)
INSERT INTO Farmer (id,farmer_inf_login,balance,farm_id) VALUES (37,69,20,9)
INSERT INTO Farmer_orders  (id,farmer_id, order_id) VALUES (31,60,40)
INSERT INTO Order_for_drive (id,driver_id,farmer_id,cost) VALUES (43,9,86,19)
INSERT INTO Arbitration (id,order_id,driver_id,fermer_id) VALUES (37,55,97,85)
INSERT INTO Farmer (id,farmer_inf_login,balance,farm_id) VALUES (57,94,18,35)
INSERT INTO Farmer_orders  (id,farmer_id, order_id) VALUES (66,36,25)
INSERT INTO Order_for_drive (id,driver_id,farmer_id,cost) VALUES (7,24,27,92)
INSERT INTO Arbitration (id,order_id,driver_id,fermer_id) VALUES (17,5,52,60)
INSERT INTO Farmer (id,farmer_inf_login,balance,farm_id) VALUES (27,56,49,5)
INSERT INTO Farmer_orders  (id,farmer_id, order_id) VALUES (4,84,16)
INSERT INTO Order_for_drive (id,driver_id,farmer_id,cost) VALUES (56,31,71,39)
INSERT INTO Arbitration (id,order_id,driver_id,fermer_id) VALUES (6,4,53,70)
INSERT INTO Farmer (id,farmer_inf_login,balance,farm_id) VALUES (45,36,7,68)
INSERT INTO Farmer_orders  (id,farmer_id, order_id) VALUES (76,52,41)
INSERT INTO Order_for_drive (id,driver_id,farmer_id,cost) VALUES (6,7,52,33)
INSERT INTO Arbitration (id,order_id,driver_id,fermer_id) VALUES (64,6,33,72)
INSERT INTO Farmer (id,farmer_inf_login,balance,farm_id) VALUES (99,80,48,98)
INSERT INTO Farmer_orders  (id,farmer_id, order_id) VALUES (61,21,94)
INSERT INTO Order_for_drive (id,driver_id,farmer_id,cost) VALUES (37,94,97,4)
INSERT INTO Arbitration (id,order_id,driver_id,fermer_id) VALUES (80,8,14,76)
INSERT INTO Farmer (id,farmer_inf_login,balance,farm_id) VALUES (56,29,36,26)
INSERT INTO Farmer_orders  (id,farmer_id, order_id) VALUES (94,76,58)
INSERT INTO Order_for_drive (id,driver_id,farmer_id,cost) VALUES (54,91,28,12)
INSERT INTO Arbitration (id,order_id,driver_id,fermer_id) VALUES (32,76,22,56)
INSERT INTO Farmer (id,farmer_inf_login,balance,farm_id) VALUES (46,23,32,0)
INSERT INTO Farmer_orders  (id,farmer_id, order_id) VALUES (94,53,67)
INSERT INTO Order_for_drive (id,driver_id,farmer_id,cost) VALUES (62,84,36,19)
INSERT INTO Arbitration (id,order_id,driver_id,fermer_id) VALUES (68,52,9,59)
INSERT INTO Farmer (id,farmer_inf_login,balance,farm_id) VALUES (28,28,87,50)
INSERT INTO Farmer_orders  (id,farmer_id, order_id) VALUES (73,27,23)
INSERT INTO Order_for_drive (id,driver_id,farmer_id,cost) VALUES (41,31,33,4)
INSERT INTO Arbitration (id,order_id,driver_id,fermer_id) VALUES (3,32,76,73)
INSERT INTO Farmer (id,farmer_inf_login,balance,farm_id) VALUES (8,80,44,93)
INSERT INTO Farmer_orders  (id,farmer_id, order_id) VALUES (60,66,30)
INSERT INTO Order_for_drive (id,driver_id,farmer_id,cost) VALUES (70,98,51,25)
INSERT INTO Arbitration (id,order_id,driver_id,fermer_id) VALUES (80,92,82,72)
INSERT INTO Farmer (id,farmer_inf_login,balance,farm_id) VALUES (10,42,0,25)
INSERT INTO Farmer_orders  (id,farmer_id, order_id) VALUES (69,79,37)
INSERT INTO Order_for_drive (id,driver_id,farmer_id,cost) VALUES (10,75,71,95)
INSERT INTO Arbitration (id,order_id,driver_id,fermer_id) VALUES (21,55,34,80)
INSERT INTO Farmer (id,farmer_inf_login,balance,farm_id) VALUES (55,27,22,2)
INSERT INTO Farmer_orders  (id,farmer_id, order_id) VALUES (20,1,72)
INSERT INTO Order_for_drive (id,driver_id,farmer_id,cost) VALUES (54,54,65,5)
INSERT INTO Arbitration (id,order_id,driver_id,fermer_id) VALUES (19,28,2,6)
INSERT INTO Farmer (id,farmer_inf_login,balance,farm_id) VALUES (11,56,87,5)
INSERT INTO Farmer_orders  (id,farmer_id, order_id) VALUES (97,47,15)
INSERT INTO Order_for_drive (id,driver_id,farmer_id,cost) VALUES (73,77,95,82)
INSERT INTO Arbitration (id,order_id,driver_id,fermer_id) VALUES (28,92,59,97)
INSERT INTO Farmer (id,farmer_inf_login,balance,farm_id) VALUES (54,64,47,41)
INSERT INTO Farmer_orders  (id,farmer_id, order_id) VALUES (55,46,46)
INSERT INTO Order_for_drive (id,driver_id,farmer_id,cost) VALUES (82,36,32,25)
INSERT INTO Arbitration (id,order_id,driver_id,fermer_id) VALUES (88,54,9,40)
INSERT INTO Farmer (id,farmer_inf_login,balance,farm_id) VALUES (47,46,19,67)
INSERT INTO Farmer_orders  (id,farmer_id, order_id) VALUES (65,51,20)
INSERT INTO Order_for_drive (id,driver_id,farmer_id,cost) VALUES (9,76,95,81)
INSERT INTO Arbitration (id,order_id,driver_id,fermer_id) VALUES (44,71,47,79)
INSERT INTO Farmer (id,farmer_inf_login,balance,farm_id) VALUES (55,69,76,38)
INSERT INTO Farmer_orders  (id,farmer_id, order_id) VALUES (97,63,36)
INSERT INTO Order_for_drive (id,driver_id,farmer_id,cost) VALUES (78,43,13,56)
INSERT INTO Arbitration (id,order_id,driver_id,fermer_id) VALUES (62,42,33,21)
INSERT INTO Farmer (id,farmer_inf_login,balance,farm_id) VALUES (54,98,46,2)
INSERT INTO Farmer_orders  (id,farmer_id, order_id) VALUES (81,64,2)
INSERT INTO Order_for_drive (id,driver_id,farmer_id,cost) VALUES (22,44,49,37)
INSERT INTO Arbitration (id,order_id,driver_id,fermer_id) VALUES (26,21,97,30)
INSERT INTO Farmer (id,farmer_inf_login,balance,farm_id) VALUES (6,87,94,65)
INSERT INTO Farmer_orders  (id,farmer_id, order_id) VALUES (49,42,74)
INSERT INTO Order_for_drive (id,driver_id,farmer_id,cost) VALUES (47,73,84,87)
INSERT INTO Arbitration (id,order_id,driver_id,fermer_id) VALUES (1,74,33,75)
INSERT INTO Farmer (id,farmer_inf_login,balance,farm_id) VALUES (61,34,68,15)
INSERT INTO Farmer_orders  (id,farmer_id, order_id) VALUES (96,63,28)
INSERT INTO Order_for_drive (id,driver_id,farmer_id,cost) VALUES (15,37,63,34)
INSERT INTO Arbitration (id,order_id,driver_id,fermer_id) VALUES (16,19,55,25)
INSERT INTO Farmer (id,farmer_inf_login,balance,farm_id) VALUES (37,37,69,24)
INSERT INTO Farmer_orders  (id,farmer_id, order_id) VALUES (71,81,24)
INSERT INTO Order_for_drive (id,driver_id,farmer_id,cost) VALUES (8,93,98,95)
INSERT INTO Arbitration (id,order_id,driver_id,fermer_id) VALUES (25,22,67,26)
INSERT INTO Farmer (id,farmer_inf_login,balance,farm_id) VALUES (13,56,29,40)
INSERT INTO Farmer_orders  (id,farmer_id, order_id) VALUES (73,73,8)
INSERT INTO Order_for_drive (id,driver_id,farmer_id,cost) VALUES (32,61,96,48)
INSERT INTO Arbitration (id,order_id,driver_id,fermer_id) VALUES (86,70,83,81)
INSERT INTO Farmer (id,farmer_inf_login,balance,farm_id) VALUES (32,19,77,24)
INSERT INTO Farmer_orders  (id,farmer_id, order_id) VALUES (22,39,52)
INSERT INTO Order_for_drive (id,driver_id,farmer_id,cost) VALUES (87,79,90,75)
INSERT INTO Arbitration (id,order_id,driver_id,fermer_id) VALUES (74,4,51,53)
INSERT INTO Farmer (id,farmer_inf_login,balance,farm_id) VALUES (13,31,52,68)
INSERT INTO Farmer_orders  (id,farmer_id, order_id) VALUES (36,65,22)
INSERT INTO Order_for_drive (id,driver_id,farmer_id,cost) VALUES (90,74,52,59)
INSERT INTO Arbitration (id,order_id,driver_id,fermer_id) VALUES (7,81,16,48)
INSERT INTO Farmer (id,farmer_inf_login,balance,farm_id) VALUES (28,65,14,68)
INSERT INTO Farmer_orders  (id,farmer_id, order_id) VALUES (72,78,47)
INSERT INTO Order_for_drive (id,driver_id,farmer_id,cost) VALUES (42,95,99,56)
INSERT INTO Arbitration (id,order_id,driver_id,fermer_id) VALUES (70,7,57,80)
INSERT INTO Farmer (id,farmer_inf_login,balance,farm_id) VALUES (34,13,39,77)
INSERT INTO Farmer_orders  (id,farmer_id, order_id) VALUES (75,37,16)
INSERT INTO Order_for_drive (id,driver_id,farmer_id,cost) VALUES (96,5,27,4)
INSERT INTO Arbitration (id,order_id,driver_id,fermer_id) VALUES (72,61,6,42)
INSERT INTO Farmer (id,farmer_inf_login,balance,farm_id) VALUES (31,39,6,73)
INSERT INTO Farmer_orders  (id,farmer_id, order_id) VALUES (32,14,46)
INSERT INTO Order_for_drive (id,driver_id,farmer_id,cost) VALUES (73,71,26,87)
INSERT INTO Arbitration (id,order_id,driver_id,fermer_id) VALUES (92,31,29,36)
INSERT INTO Farmer (id,farmer_inf_login,balance,farm_id) VALUES (15,48,66,79)
INSERT INTO Farmer_orders  (id,farmer_id, order_id) VALUES (42,15,99)
INSERT INTO Order_for_drive (id,driver_id,farmer_id,cost) VALUES (25,42,31,81)
INSERT INTO Arbitration (id,order_id,driver_id,fermer_id) VALUES (62,8,43,30)
INSERT INTO Farmer (id,farmer_inf_login,balance,farm_id) VALUES (67,74,20,33)
INSERT INTO Farmer_orders  (id,farmer_id, order_id) VALUES (77,47,15)
INSERT INTO Order_for_drive (id,driver_id,farmer_id,cost) VALUES (98,80,55,86)
INSERT INTO Arbitration (id,order_id,driver_id,fermer_id) VALUES (5,18,35,94)
INSERT INTO Farmer (id,farmer_inf_login,balance,farm_id) VALUES (16,50,66,61)
INSERT INTO Farmer_orders  (id,farmer_id, order_id) VALUES (1,85,89)
INSERT INTO Order_for_drive (id,driver_id,farmer_id,cost) VALUES (64,19,53,77)
INSERT INTO Arbitration (id,order_id,driver_id,fermer_id) VALUES (55,34,38,81)
INSERT INTO Farmer (id,farmer_inf_login,balance,farm_id) VALUES (99,52,35,11)
INSERT INTO Farmer_orders  (id,farmer_id, order_id) VALUES (7,89,2)
INSERT INTO Order_for_drive (id,driver_id,farmer_id,cost) VALUES (41,45,66,35)
INSERT INTO Arbitration (id,order_id,driver_id,fermer_id) VALUES (7,99,15,82)
INSERT INTO Farmer (id,farmer_inf_login,balance,farm_id) VALUES (85,41,38,57)
INSERT INTO Farmer_orders  (id,farmer_id, order_id) VALUES (42,57,81)
INSERT INTO Order_for_drive (id,driver_id,farmer_id,cost) VALUES (31,4,32,90)
INSERT INTO Arbitration (id,order_id,driver_id,fermer_id) VALUES (58,61,33,71)
INSERT INTO Farmer (id,farmer_inf_login,balance,farm_id) VALUES (11,28,19,96)
INSERT INTO Farmer_orders  (id,farmer_id, order_id) VALUES (77,1,70)
INSERT INTO Order_for_drive (id,driver_id,farmer_id,cost) VALUES (68,11,24,95)
INSERT INTO Arbitration (id,order_id,driver_id,fermer_id) VALUES (83,59,13,11)
INSERT INTO Farmer (id,farmer_inf_login,balance,farm_id) VALUES (9,0,32,57)
INSERT INTO Farmer_orders  (id,farmer_id, order_id) VALUES (53,85,31)
INSERT INTO Order_for_drive (id,driver_id,farmer_id,cost) VALUES (33,88,76,7)
INSERT INTO Arbitration (id,order_id,driver_id,fermer_id) VALUES (76,30,90,13)
INSERT INTO Farmer (id,farmer_inf_login,balance,farm_id) VALUES (35,39,87,61)
INSERT INTO Farmer_orders  (id,farmer_id, order_id) VALUES (24,87,51)
INSERT INTO Order_for_drive (id,driver_id,farmer_id,cost) VALUES (77,8,22,28)
INSERT INTO Arbitration (id,order_id,driver_id,fermer_id) VALUES (82,62,81,8)
INSERT INTO Farmer (id,farmer_inf_login,balance,farm_id) VALUES (33,90,90,4)
INSERT INTO Farmer_orders  (id,farmer_id, order_id) VALUES (85,4,87)
INSERT INTO Order_for_drive (id,driver_id,farmer_id,cost) VALUES (84,52,13,36)
INSERT INTO Arbitration (id,order_id,driver_id,fermer_id) VALUES (85,24,85,87)
INSERT INTO Farmer (id,farmer_inf_login,balance,farm_id) VALUES (25,3,67,75)
INSERT INTO Farmer_orders  (id,farmer_id, order_id) VALUES (50,99,8)
INSERT INTO Order_for_drive (id,driver_id,farmer_id,cost) VALUES (77,45,85,55)
INSERT INTO Arbitration (id,order_id,driver_id,fermer_id) VALUES (70,88,72,29)
INSERT INTO Farmer (id,farmer_inf_login,balance,farm_id) VALUES (61,68,93,85)
INSERT INTO Farmer_orders  (id,farmer_id, order_id) VALUES (27,98,58)
INSERT INTO Order_for_drive (id,driver_id,farmer_id,cost) VALUES (96,12,48,18)
INSERT INTO Arbitration (id,order_id,driver_id,fermer_id) VALUES (56,14,3,69)
INSERT INTO Farmer (id,farmer_inf_login,balance,farm_id) VALUES (5,87,62,26)
INSERT INTO Farmer_orders  (id,farmer_id, order_id) VALUES (19,25,96)
INSERT INTO Order_for_drive (id,driver_id,farmer_id,cost) VALUES (96,4,77,89)
INSERT INTO Arbitration (id,order_id,driver_id,fermer_id) VALUES (40,48,81,36)
INSERT INTO Farmer (id,farmer_inf_login,balance,farm_id) VALUES (7,5,89,47)
INSERT INTO Farmer_orders  (id,farmer_id, order_id) VALUES (18,11,38)
INSERT INTO Order_for_drive (id,driver_id,farmer_id,cost) VALUES (33,37,20,84)
INSERT INTO Arbitration (id,order_id,driver_id,fermer_id) VALUES (95,94,65,68)
INSERT INTO Farmer (id,farmer_inf_login,balance,farm_id) VALUES (77,38,44,58)
INSERT INTO Farmer_orders  (id,farmer_id, order_id) VALUES (23,82,79)
INSERT INTO Order_for_drive (id,driver_id,farmer_id,cost) VALUES (92,91,46,75)
INSERT INTO Arbitration (id,order_id,driver_id,fermer_id) VALUES (10,74,50,97)
INSERT INTO Farmer (id,farmer_inf_login,balance,farm_id) VALUES (66,74,0,11)
INSERT INTO Farmer_orders  (id,farmer_id, order_id) VALUES (14,14,73)
INSERT INTO Order_for_drive (id,driver_id,farmer_id,cost) VALUES (92,77,11,23)
INSERT INTO Arbitration (id,order_id,driver_id,fermer_id) VALUES (52,3,54,22)
INSERT INTO Farmer (id,farmer_inf_login,balance,farm_id) VALUES (80,58,39,67)
INSERT INTO Farmer_orders  (id,farmer_id, order_id) VALUES (88,25,81)
INSERT INTO Order_for_drive (id,driver_id,farmer_id,cost) VALUES (19,75,77,8)
INSERT INTO Arbitration (id,order_id,driver_id,fermer_id) VALUES (73,69,83,81)
INSERT INTO Farmer (id,farmer_inf_login,balance,farm_id) VALUES (21,17,85,77)
INSERT INTO Farmer_orders  (id,farmer_id, order_id) VALUES (84,16,91)
INSERT INTO Order_for_drive (id,driver_id,farmer_id,cost) VALUES (38,46,22,39)
INSERT INTO Arbitration (id,order_id,driver_id,fermer_id) VALUES (63,21,93,34)
INSERT INTO Farmer (id,farmer_inf_login,balance,farm_id) VALUES (78,94,44,43)
INSERT INTO Farmer_orders  (id,farmer_id, order_id) VALUES (50,44,42)
INSERT INTO Order_for_drive (id,driver_id,farmer_id,cost) VALUES (93,5,78,26)
INSERT INTO Arbitration (id,order_id,driver_id,fermer_id) VALUES (32,20,60,73)
INSERT INTO Farmer (id,farmer_inf_login,balance,farm_id) VALUES (14,31,25,56)
INSERT INTO Farmer_orders  (id,farmer_id, order_id) VALUES (24,35,89)
INSERT INTO Order_for_drive (id,driver_id,farmer_id,cost) VALUES (62,56,2,71)
INSERT INTO Arbitration (id,order_id,driver_id,fermer_id) VALUES (61,99,3,97)
INSERT INTO Farmer (id,farmer_inf_login,balance,farm_id) VALUES (65,77,2,51)
INSERT INTO Farmer_orders  (id,farmer_id, order_id) VALUES (8,62,19)
INSERT INTO Order_for_drive (id,driver_id,farmer_id,cost) VALUES (42,59,83,73)
INSERT INTO Arbitration (id,order_id,driver_id,fermer_id) VALUES (51,91,91,2)
INSERT INTO Farmer (id,farmer_inf_login,balance,farm_id) VALUES (24,9,47,35)
INSERT INTO Farmer_orders  (id,farmer_id, order_id) VALUES (97,77,47)
INSERT INTO Order_for_drive (id,driver_id,farmer_id,cost) VALUES (64,21,73,23)
INSERT INTO Arbitration (id,order_id,driver_id,fermer_id) VALUES (39,18,9,67)
INSERT INTO User (login, phone, mail, password) VALUES ('5SmdDbNn77',13590739784,'xgapxjZ@263.net','RRb8NSGT85')
INSERT INTO Customer (id, name, phone, mail) VALUES (28,'pX4QFwkH5H',15642309625,'Xpj6gdZ@yeah.net','FmpDh6B8sm')
INSERT INTO Review_List  (id, review_id,user_login) VALUES (32,5,'5SmdDbNn77')
INSERT INTO Review (id, sendler_id, message, rate) VALUES (28,5SmdDbNn77,'За слова отвечает',9)
INSERT INTO User (login, phone, mail, password) VALUES ('xkBSNekwpa',15857456051,'qoia6hR2S@163.net','G7mbBh9Qx4')
INSERT INTO Customer (id, name, phone, mail) VALUES (27,'xRRbEwKARn',13710430241,'9YaLkSGr@yahoo.com.cn','p8Ea34pshT')
INSERT INTO Review_List  (id, review_id,user_login) VALUES (43,89,'xkBSNekwpa')
INSERT INTO Review (id, sendler_id, message, rate) VALUES (86,xkBSNekwpa,'Мужик огонь',3)
INSERT INTO User (login, phone, mail, password) VALUES ('mz67hWmenW',15880018756,'wpWVkE@163.net','5xbGmQaAKH')
INSERT INTO Customer (id, name, phone, mail) VALUES (19,'GF3b8KTbWE',13846823321,'WjgoMYns@qq.com','maWk5GMXWs')
INSERT INTO Review_List  (id, review_id,user_login) VALUES (68,82,'mz67hWmenW')
INSERT INTO Review (id, sendler_id, message, rate) VALUES (18,mz67hWmenW,'За слова отвечает',6)
INSERT INTO User (login, phone, mail, password) VALUES ('SeK4ZKAPb9',13339849481,'9xFGR@163.com','dH5Q5DXEs6')
INSERT INTO Customer (id, name, phone, mail) VALUES (1,'4ehA25PpDk',15329780550,'2dNud2o@263.net','R8HP1DEndz')
INSERT INTO Review_List  (id, review_id,user_login) VALUES (3,46,'SeK4ZKAPb9')
INSERT INTO Review (id, sendler_id, message, rate) VALUES (49,SeK4ZKAPb9,'По понятиям живет',7)
INSERT INTO User (login, phone, mail, password) VALUES ('3PRmxxbSD8',13276811886,'x6sW@163.net','S7SPSnak6M')
INSERT INTO Customer (id, name, phone, mail) VALUES (37,'T7RSF7b37s',15878514321,'CCYjfa7@163.com','WDDKNDQk3B')
INSERT INTO Review_List  (id, review_id,user_login) VALUES (75,25,'3PRmxxbSD8')
INSERT INTO Review (id, sendler_id, message, rate) VALUES (63,3PRmxxbSD8,'Класс',0)
INSERT INTO User (login, phone, mail, password) VALUES ('6Z5HWTmTEx',15969932681,'pLHiSzMNAY@hotmail.com','dRFZWKXMpW')
INSERT INTO Customer (id, name, phone, mail) VALUES (32,'54BzZkPmpm',13869900324,'adT06A99ju@yahoo.com.cn','D7sxFaXdhE')
INSERT INTO Review_List  (id, review_id,user_login) VALUES (59,17,'6Z5HWTmTEx')
INSERT INTO Review (id, sendler_id, message, rate) VALUES (3,6Z5HWTmTEx,'За слова отвечает',3)
INSERT INTO User (login, phone, mail, password) VALUES ('MEAazKGhAP',15106046928,'TBEjJFsrj@yahoo.com.cn','kKsewM7Meb')
INSERT INTO Customer (id, name, phone, mail) VALUES (10,'zsDMaXT9TB',15909100007,'hfZFMWNra5@263.net','4heWGRa4Ed')
INSERT INTO Review_List  (id, review_id,user_login) VALUES (98,92,'MEAazKGhAP')
INSERT INTO Review (id, sendler_id, message, rate) VALUES (86,MEAazKGhAP,'Все понравилось',4)
INSERT INTO User (login, phone, mail, password) VALUES ('KM22E764mw',15362364611,'PqvLZWsy@163.net','Xb38Mbd2M2')
INSERT INTO Customer (id, name, phone, mail) VALUES (53,'AZh2w79DpB',15359749271,'QhaHgTHOW@ask.com','GWsM7F9esE')
INSERT INTO Review_List  (id, review_id,user_login) VALUES (51,45,'KM22E764mw')
INSERT INTO Review (id, sendler_id, message, rate) VALUES (29,KM22E764mw,'Мужик огонь',8)
INSERT INTO User (login, phone, mail, password) VALUES ('aAKPxBPKNW',15008306848,'GLfl6M@263.net','NepDKdFdWX')
INSERT INTO Customer (id, name, phone, mail) VALUES (52,'5AdHRbFsmR',13216342387,'9iIp@163.net','7KQG8nWBRD')
INSERT INTO Review_List  (id, review_id,user_login) VALUES (49,3,'aAKPxBPKNW')
INSERT INTO Review (id, sendler_id, message, rate) VALUES (33,aAKPxBPKNW,'Все понравилось',9)
INSERT INTO User (login, phone, mail, password) VALUES ('DZ4GTWNN15',13333239679,'QAiP@msn.com','BGRHGpsM9w')
INSERT INTO Customer (id, name, phone, mail) VALUES (90,'k9GGzTHQ9D',13568389512,'IgLk5Az@0355.net','x1hXzSWsDA')
INSERT INTO Review_List  (id, review_id,user_login) VALUES (76,79,'DZ4GTWNN15')
INSERT INTO Review (id, sendler_id, message, rate) VALUES (18,DZ4GTWNN15,'Мужик огонь',4)
INSERT INTO User (login, phone, mail, password) VALUES ('h47Dw5mPBs',15721220387,'xYFAfVQMk@qq.com','N5ZmbAHHnZ')
INSERT INTO Customer (id, name, phone, mail) VALUES (79,'w3BhzKE7K6',13132276448,'4kT14uj5kR@263.net','FkXp8zApZP')
INSERT INTO Review_List  (id, review_id,user_login) VALUES (77,9,'h47Dw5mPBs')
INSERT INTO Review (id, sendler_id, message, rate) VALUES (96,h47Dw5mPBs,'Все понравилось',0)
INSERT INTO User (login, phone, mail, password) VALUES ('R3GZ9TH65b',13847171047,'debtSG@msn.com','xR5bBbRQ1s')
INSERT INTO Customer (id, name, phone, mail) VALUES (57,'7sbmZbEGhx',15102408123,'WXwyzV@sohu.com','eGFGD2HSZK')
INSERT INTO Review_List  (id, review_id,user_login) VALUES (53,90,'R3GZ9TH65b')
INSERT INTO Review (id, sendler_id, message, rate) VALUES (28,R3GZ9TH65b,'По понятиям живет',4)
INSERT INTO User (login, phone, mail, password) VALUES ('b8DHzb4RB8',13436859106,'dlWhSi@yeah.net','SpW58m7Ek6')
INSERT INTO Customer (id, name, phone, mail) VALUES (44,'da9mW8amp9',15766144697,'8gkH@live.com','QnW724pGnd')
INSERT INTO Review_List  (id, review_id,user_login) VALUES (39,72,'b8DHzb4RB8')
INSERT INTO Review (id, sendler_id, message, rate) VALUES (14,b8DHzb4RB8,'За слова отвечает',2)
INSERT INTO User (login, phone, mail, password) VALUES ('xKR863Znk7',15508298724,'mhBuK6N@163.com','nT9FDMKZT9')
INSERT INTO Customer (id, name, phone, mail) VALUES (6,'eZ3dx293DR',15517226015,'iLXrkm@3721.net','M3wSRaSshe')
INSERT INTO Review_List  (id, review_id,user_login) VALUES (43,94,'xKR863Znk7')
INSERT INTO Review (id, sendler_id, message, rate) VALUES (2,xKR863Znk7,'Все понравилось',9)
INSERT INTO User (login, phone, mail, password) VALUES ('hPM4GTAbAa',15610210083,'XjVIEzj@263.net','nxeBSFTbnn')
INSERT INTO Customer (id, name, phone, mail) VALUES (82,'XWTE6NeTMW',15784428014,'TVzBMKE@263.net','2AkWd4T5Gp')
INSERT INTO Review_List  (id, review_id,user_login) VALUES (5,91,'hPM4GTAbAa')
INSERT INTO Review (id, sendler_id, message, rate) VALUES (34,hPM4GTAbAa,'Мужик огонь',6)
INSERT INTO User (login, phone, mail, password) VALUES ('MN3hFHHH3H',13302612715,'WGPUmq@live.com','GFwZdZaNTb')
INSERT INTO Customer (id, name, phone, mail) VALUES (0,'RGhpxNkHna',15922618285,'PanoPZ@qq.com','1zRM6T9bR7')
INSERT INTO Review_List  (id, review_id,user_login) VALUES (8,55,'MN3hFHHH3H')
INSERT INTO Review (id, sendler_id, message, rate) VALUES (65,MN3hFHHH3H,'По понятиям живет',7)
INSERT INTO User (login, phone, mail, password) VALUES ('DmWdkw9dE3',15219269397,'dNKUd@live.com','KnXEPK1TdT')
INSERT INTO Customer (id, name, phone, mail) VALUES (61,'KD219bAWKD',13941825885,'0sld@yahoo.com','GaFE1wns2S')
INSERT INTO Review_List  (id, review_id,user_login) VALUES (70,0,'DmWdkw9dE3')
INSERT INTO Review (id, sendler_id, message, rate) VALUES (61,DmWdkw9dE3,'Мужик огонь',2)
INSERT INTO User (login, phone, mail, password) VALUES ('zEZbTNN92m',15793994827,'xsrczJcKe@gmail.com','Z7eaZM2eTb')
INSERT INTO Customer (id, name, phone, mail) VALUES (97,'3AD1G7dX88',15875818921,'0Wj6@yahoo.com','pwW3QPQEhD')
INSERT INTO Review_List  (id, review_id,user_login) VALUES (70,45,'zEZbTNN92m')
INSERT INTO Review (id, sendler_id, message, rate) VALUES (89,zEZbTNN92m,'Все понравилось',7)
INSERT INTO User (login, phone, mail, password) VALUES ('DR82d3B3Gx',13666138090,'bRBaG9@msn.com','aBkwBGeTkW')
INSERT INTO Customer (id, name, phone, mail) VALUES (79,'6W18zDQk3S',15713489841,'M0Cc@3721.net','heQDFXH3zT')
INSERT INTO Review_List  (id, review_id,user_login) VALUES (52,52,'DR82d3B3Gx')
INSERT INTO Review (id, sendler_id, message, rate) VALUES (15,DR82d3B3Gx,'Все понравилось',8)
INSERT INTO User (login, phone, mail, password) VALUES ('D36K2TSdN9',15317094807,'Gvite@qq.com','Szse5SBpBM')
INSERT INTO Customer (id, name, phone, mail) VALUES (59,'7dmaF17Q4H',13355405629,'Boez5@qq.com','7E99GnGGzk')
INSERT INTO Review_List  (id, review_id,user_login) VALUES (95,41,'D36K2TSdN9')
INSERT INTO Review (id, sendler_id, message, rate) VALUES (48,D36K2TSdN9,'Класс',7)
INSERT INTO User (login, phone, mail, password) VALUES ('nM79nQEHn6',15036732679,'BeIR@live.com','XTKN97E37m')
INSERT INTO Customer (id, name, phone, mail) VALUES (67,'DFbdeQXTw2',13169830255,'G1pV3a@3721.net','9AMBxP1bw6')
INSERT INTO Review_List  (id, review_id,user_login) VALUES (33,54,'nM79nQEHn6')
INSERT INTO Review (id, sendler_id, message, rate) VALUES (69,nM79nQEHn6,'По понятиям живет',5)
INSERT INTO User (login, phone, mail, password) VALUES ('pMmmR1KEPn',13708448190,'MVgGkZUBpC@aol.com','BEwnh4HXST')
INSERT INTO Customer (id, name, phone, mail) VALUES (26,'kQB2F6zs7k',15120679312,'OCQDCZf@hotmail.com','xK2FBxn6zn')
INSERT INTO Review_List  (id, review_id,user_login) VALUES (74,51,'pMmmR1KEPn')
INSERT INTO Review (id, sendler_id, message, rate) VALUES (57,pMmmR1KEPn,'Все понравилось',8)
INSERT INTO User (login, phone, mail, password) VALUES ('e8E7A18DAR',15294012166,'dxoncno@hotmail.com','6FPXK7ZRww')
INSERT INTO Customer (id, name, phone, mail) VALUES (35,'heQA3dSPHn',15690235057,'6eFj@163.com','DszbMkTEdd')
INSERT INTO Review_List  (id, review_id,user_login) VALUES (42,3,'e8E7A18DAR')
INSERT INTO Review (id, sendler_id, message, rate) VALUES (98,e8E7A18DAR,'За слова отвечает',8)
INSERT INTO User (login, phone, mail, password) VALUES ('9pDWepAMQ3',13680216537,'NxqMOB71wR@qq.com','bWGsKNRpWF')
INSERT INTO Customer (id, name, phone, mail) VALUES (15,'N57mh7FpSh',13485144865,'Gwm5LM@sohu.com','71KH69SKBG')
INSERT INTO Review_List  (id, review_id,user_login) VALUES (80,1,'9pDWepAMQ3')
INSERT INTO Review (id, sendler_id, message, rate) VALUES (31,9pDWepAMQ3,'Мужик огонь',4)
INSERT INTO User (login, phone, mail, password) VALUES ('NddEGSQFkD',13743401322,'OI1Ck8@hotmail.com','dQ3zAxksBd')
INSERT INTO Customer (id, name, phone, mail) VALUES (49,'d2KzbxTeAK',15791764669,'p6k05iIR@yeah.net','aQwnTF4p2M')
INSERT INTO Review_List  (id, review_id,user_login) VALUES (71,51,'NddEGSQFkD')
INSERT INTO Review (id, sendler_id, message, rate) VALUES (95,NddEGSQFkD,'Все понравилось',5)
INSERT INTO User (login, phone, mail, password) VALUES ('x5dKBnR4Bx',15398752837,'L7Ux@3721.net','Zn7kHFRxbN')
INSERT INTO Customer (id, name, phone, mail) VALUES (91,'Nw7Z9hnsWF',13844455477,'Ug0kuhggzZ@yahoo.com','k9h2n8TB42')
INSERT INTO Review_List  (id, review_id,user_login) VALUES (78,63,'x5dKBnR4Bx')
INSERT INTO Review (id, sendler_id, message, rate) VALUES (3,x5dKBnR4Bx,'Все понравилось',2)
INSERT INTO User (login, phone, mail, password) VALUES ('E6TD18234e',13111913397,'up1AJZ847F@hotmail.com','SsdaXTEm4h')
INSERT INTO Customer (id, name, phone, mail) VALUES (48,'aAwQzA5ZPE',13480119819,'NmqFnLdu@yahoo.com.cn','DD7Eh9ZHRH')
INSERT INTO Review_List  (id, review_id,user_login) VALUES (46,61,'E6TD18234e')
INSERT INTO Review (id, sendler_id, message, rate) VALUES (18,E6TD18234e,'Мужик огонь',2)
INSERT INTO User (login, phone, mail, password) VALUES ('7w1A8EWZ1k',13291709566,'EB7Eil@263.net','KkGG8Zh6ZR')
INSERT INTO Customer (id, name, phone, mail) VALUES (26,'9eDWEBBbkX',15586317824,'sl3C1aBX@yahoo.com','zWsMR7472P')
INSERT INTO Review_List  (id, review_id,user_login) VALUES (88,71,'7w1A8EWZ1k')
INSERT INTO Review (id, sendler_id, message, rate) VALUES (78,7w1A8EWZ1k,'По понятиям живет',9)
INSERT INTO User (login, phone, mail, password) VALUES ('58MBMm28aW',13254997621,'6svgE@yahoo.com','TS46TPMTWe')
INSERT INTO Customer (id, name, phone, mail) VALUES (93,'K4HAzHmweP',15053235788,'lbpDZS@hotmail.com','7kp9NFsNFF')
INSERT INTO Review_List  (id, review_id,user_login) VALUES (19,58,'58MBMm28aW')
INSERT INTO Review (id, sendler_id, message, rate) VALUES (83,58MBMm28aW,'За слова отвечает',1)
INSERT INTO User (login, phone, mail, password) VALUES ('eG2P7FDAZk',13508860945,'dQOgBbFi@yahoo.com.cn','Q7WNBmG9ep')
INSERT INTO Customer (id, name, phone, mail) VALUES (89,'TW2X7dZMk5',13459449308,'LbYJ53@gmail.com','9psFBDB2x9')
INSERT INTO Review_List  (id, review_id,user_login) VALUES (89,23,'eG2P7FDAZk')
INSERT INTO Review (id, sendler_id, message, rate) VALUES (25,eG2P7FDAZk,'Четкий парень',5)
INSERT INTO User (login, phone, mail, password) VALUES ('85TNDFs436',13755487050,'84dSM7@sina.com','9bzPaSNdAN')
INSERT INTO Customer (id, name, phone, mail) VALUES (80,'waQBmZdShA',13809519442,'Kj1g@live.com','XQQ4P7R7TM')
INSERT INTO Review_List  (id, review_id,user_login) VALUES (27,55,'85TNDFs436')
INSERT INTO Review (id, sendler_id, message, rate) VALUES (50,85TNDFs436,'По понятиям живет',7)
INSERT INTO User (login, phone, mail, password) VALUES ('AR1KK46XRN',13710763267,'YISQM@hotmail.com','11D5AsRhNX')
INSERT INTO Customer (id, name, phone, mail) VALUES (13,'emsH2zWM76',13000448945,'Zok8kJQTg6@263.net','WRH4eTSDM7')
INSERT INTO Review_List  (id, review_id,user_login) VALUES (85,66,'AR1KK46XRN')
INSERT INTO Review (id, sendler_id, message, rate) VALUES (35,AR1KK46XRN,'За слова отвечает',5)
INSERT INTO User (login, phone, mail, password) VALUES ('1H1Hpwk5kG',15596526544,'Jhr8@yahoo.com.cn','5EFzdB4RhP')
INSERT INTO Customer (id, name, phone, mail) VALUES (60,'Q6WGemEBs3',13043502463,'WWF6fe@yahoo.com.cn','zm3dWhb2KR')
INSERT INTO Review_List  (id, review_id,user_login) VALUES (94,25,'1H1Hpwk5kG')
INSERT INTO Review (id, sendler_id, message, rate) VALUES (83,1H1Hpwk5kG,'Класс',5)
INSERT INTO User (login, phone, mail, password) VALUES ('GPwxMwz84e',13354560657,'Nhjz0xnqwf@163.net','am5FR9aeKW')
INSERT INTO Customer (id, name, phone, mail) VALUES (93,'RR16asb9Mb',15984265528,'4Lzi5HKd@hotmail.com','NKQsGb9sRS')
INSERT INTO Review_List  (id, review_id,user_login) VALUES (9,68,'GPwxMwz84e')
INSERT INTO Review (id, sendler_id, message, rate) VALUES (14,GPwxMwz84e,'По понятиям живет',8)
INSERT INTO User (login, phone, mail, password) VALUES ('zBmG4d3XB3',15340599857,'nffssbMhen@ask.com','47Hn95b8h4')
INSERT INTO Customer (id, name, phone, mail) VALUES (57,'Fp4Gz8xeWP',15567198584,'ZFAVBF38@yeah.net','T6m8QMNSkH')
INSERT INTO Review_List  (id, review_id,user_login) VALUES (44,1,'zBmG4d3XB3')
INSERT INTO Review (id, sendler_id, message, rate) VALUES (93,zBmG4d3XB3,'По понятиям живет',4)
INSERT INTO User (login, phone, mail, password) VALUES ('Fk9TnRBk5A',13323920810,'aQgGwXvN@sina.com','QKn71m3GaE')
INSERT INTO Customer (id, name, phone, mail) VALUES (67,'nP1h3R7p3D',13902838972,'W9jzMsaa@0355.net','ZdQ19K4Gnw')
INSERT INTO Review_List  (id, review_id,user_login) VALUES (43,6,'Fk9TnRBk5A')
INSERT INTO Review (id, sendler_id, message, rate) VALUES (21,Fk9TnRBk5A,'Все понравилось',1)
INSERT INTO User (login, phone, mail, password) VALUES ('k8mPZa6GTP',13279700330,'cxm6R@gmail.com','154RMPNk64')
INSERT INTO Customer (id, name, phone, mail) VALUES (72,'bEhW7AM47B',13384000319,'0e4MYc8Q9@gmail.com','8W8zGTZNkh')
INSERT INTO Review_List  (id, review_id,user_login) VALUES (84,70,'k8mPZa6GTP')
INSERT INTO Review (id, sendler_id, message, rate) VALUES (95,k8mPZa6GTP,'Все понравилось',4)
INSERT INTO User (login, phone, mail, password) VALUES ('x3eKpQPKN2',13317436355,'RGDRq@gmail.com','mMw26XBs7S')
INSERT INTO Customer (id, name, phone, mail) VALUES (74,'6xMD1sw7xH',15870158585,'yc0VuCPV9@yahoo.com','DKG734n7Xz')
INSERT INTO Review_List  (id, review_id,user_login) VALUES (48,26,'x3eKpQPKN2')
INSERT INTO Review (id, sendler_id, message, rate) VALUES (93,x3eKpQPKN2,'Все понравилось',0)
INSERT INTO User (login, phone, mail, password) VALUES ('PxzEzDe3Qm',13157585384,'JJywnL8oyR@yeah.net','Rs6SSR4h82')
INSERT INTO Customer (id, name, phone, mail) VALUES (91,'5hPZme9naD',13240912199,'WXDcwD@yeah.net','pMbk3BF5Fp')
INSERT INTO Review_List  (id, review_id,user_login) VALUES (24,49,'PxzEzDe3Qm')
INSERT INTO Review (id, sendler_id, message, rate) VALUES (57,PxzEzDe3Qm,'За слова отвечает',6)
INSERT INTO User (login, phone, mail, password) VALUES ('ew7DwkmZ5K',15829833311,'3y4wqxQ@sohu.com','bHzbQ9KpKM')
INSERT INTO Customer (id, name, phone, mail) VALUES (45,'WZsmNsm9sw',15562245377,'w5Hcd@sohu.com','5R5h4nszGn')
INSERT INTO Review_List  (id, review_id,user_login) VALUES (78,99,'ew7DwkmZ5K')
INSERT INTO Review (id, sendler_id, message, rate) VALUES (5,ew7DwkmZ5K,'Мужик огонь',8)
INSERT INTO User (login, phone, mail, password) VALUES ('NSE8BZBGaa',15567789423,'vCkr@qq.com','BkMB8FdQZ7')
INSERT INTO Customer (id, name, phone, mail) VALUES (52,'xE8knmzHF1',13496913833,'DJrCaCO4hg@aol.com','MAnZAxE22M')
INSERT INTO Review_List  (id, review_id,user_login) VALUES (91,45,'NSE8BZBGaa')
INSERT INTO Review (id, sendler_id, message, rate) VALUES (77,NSE8BZBGaa,'Все понравилось',7)
INSERT INTO User (login, phone, mail, password) VALUES ('9HWB3F4FeD',15599595995,'ApNJG917@263.net','hSN1d1nQ17')
INSERT INTO Customer (id, name, phone, mail) VALUES (11,'Hm1NhkzTTE',13592858748,'n13iobP7@qq.com','x5MAxKm2KF')
INSERT INTO Review_List  (id, review_id,user_login) VALUES (11,96,'9HWB3F4FeD')
INSERT INTO Review (id, sendler_id, message, rate) VALUES (50,9HWB3F4FeD,'Класс',1)
INSERT INTO User (login, phone, mail, password) VALUES ('n593s47Z84',13321689865,'e3rcp@sohu.com','Wz5apahzbx')
INSERT INTO Customer (id, name, phone, mail) VALUES (72,'Aw4eb8w5TF',15650114861,'c1yhHMO@live.com','dK38KMP2nN')
INSERT INTO Review_List  (id, review_id,user_login) VALUES (32,51,'n593s47Z84')
INSERT INTO Review (id, sendler_id, message, rate) VALUES (95,n593s47Z84,'За слова отвечает',0)
INSERT INTO User (login, phone, mail, password) VALUES ('XFQhPMN5Ga',13595058161,'OLTtTLvv@sohu.com','DBPxznp3GP')
INSERT INTO Customer (id, name, phone, mail) VALUES (52,'dWAb6pK4hE',13917166112,'L5d2v@yahoo.com','ZBhH2MRZDw')
INSERT INTO Review_List  (id, review_id,user_login) VALUES (84,66,'XFQhPMN5Ga')
INSERT INTO Review (id, sendler_id, message, rate) VALUES (95,XFQhPMN5Ga,'Четкий парень',6)
INSERT INTO User (login, phone, mail, password) VALUES ('k2SwDPH3km',15574746707,'bOq7HqkX@163.net','1aQEWdX8G2')
INSERT INTO Customer (id, name, phone, mail) VALUES (63,'KBkkEwabGF',13631936461,'DuYkyP8p@gmail.com','sKRhHBRnm4')
INSERT INTO Review_List  (id, review_id,user_login) VALUES (11,33,'k2SwDPH3km')
INSERT INTO Review (id, sendler_id, message, rate) VALUES (16,k2SwDPH3km,'Класс',9)
INSERT INTO User (login, phone, mail, password) VALUES ('1dQdk9eTpW',13113241595,'zZ1Q@3721.net','sRKDN6Ekeh')
INSERT INTO Customer (id, name, phone, mail) VALUES (20,'wMkbdWGQa4',15520061779,'H9vBJ@263.net','9KGE1sa858')
INSERT INTO Review_List  (id, review_id,user_login) VALUES (97,75,'1dQdk9eTpW')
INSERT INTO Review (id, sendler_id, message, rate) VALUES (37,1dQdk9eTpW,'Четкий парень',6)
INSERT INTO User (login, phone, mail, password) VALUES ('bZdn1BXeFM',13941223563,'YwskQy39Xa@aol.com','1698FMPGnd')
INSERT INTO Customer (id, name, phone, mail) VALUES (9,'37Sw8KsTZE',15330575043,'WtXZh2R@gmail.com','hk1DKRa5D1')
INSERT INTO Review_List  (id, review_id,user_login) VALUES (41,45,'bZdn1BXeFM')
INSERT INTO Review (id, sendler_id, message, rate) VALUES (75,bZdn1BXeFM,'По понятиям живет',1)
INSERT INTO User (login, phone, mail, password) VALUES ('3pmE88w84Q',13783779258,'DFFFxzGVg@yahoo.com','m3e7Ez7Fap')
INSERT INTO Customer (id, name, phone, mail) VALUES (28,'SHAAP2a3W4',13897493423,'uZ2AZJ@yeah.net','ZTppxPRxRW')
INSERT INTO Review_List  (id, review_id,user_login) VALUES (45,1,'3pmE88w84Q')
INSERT INTO Review (id, sendler_id, message, rate) VALUES (59,3pmE88w84Q,'Класс',9)
INSERT INTO User (login, phone, mail, password) VALUES ('e8z7z9deDT',15060051673,'7gRZZHmcD@163.com','NTmZM9FSRN')
INSERT INTO Customer (id, name, phone, mail) VALUES (81,'n21RMFa1Te',13855710651,'Md2sxRT@163.com','3M9hE1bNaH')
INSERT INTO Review_List  (id, review_id,user_login) VALUES (48,25,'e8z7z9deDT')
INSERT INTO Review (id, sendler_id, message, rate) VALUES (68,e8z7z9deDT,'Все понравилось',9)
INSERT INTO User (login, phone, mail, password) VALUES ('X7pDz1AHe9',15178742960,'RuLm@yahoo.com.cn','WBheRs3K19')
INSERT INTO Customer (id, name, phone, mail) VALUES (68,'XP2hH9ANNd',13515191184,'JUS0YRw@163.net','Nk9HGnh424')
INSERT INTO Review_List  (id, review_id,user_login) VALUES (62,15,'X7pDz1AHe9')
INSERT INTO Review (id, sendler_id, message, rate) VALUES (64,X7pDz1AHe9,'За слова отвечает',0)
INSERT INTO User (login, phone, mail, password) VALUES ('hHzNFMMhAR',15791383757,'KCvlrQ@aol.com','d6z6AdN92N')
INSERT INTO Customer (id, name, phone, mail) VALUES (44,'2Z8FRWHDXs',15313656189,'fwHaR@sohu.com','Me2MGN3sKT')
INSERT INTO Review_List  (id, review_id,user_login) VALUES (68,4,'hHzNFMMhAR')
INSERT INTO Review (id, sendler_id, message, rate) VALUES (65,hHzNFMMhAR,'Мужик огонь',1)
INSERT INTO User (login, phone, mail, password) VALUES ('pd87WbeAFh',13635669989,'LQbcpKPkM@sina.com','Hhd337QNPW')
INSERT INTO Customer (id, name, phone, mail) VALUES (6,'9w4bNp9RWn',15632272061,'Nsa3@gmail.com','HsEX3R93XM')
INSERT INTO Review_List  (id, review_id,user_login) VALUES (86,94,'pd87WbeAFh')
INSERT INTO Review (id, sendler_id, message, rate) VALUES (67,pd87WbeAFh,'Класс',8)
INSERT INTO User (login, phone, mail, password) VALUES ('NB31BePxK7',15004410528,'K0Z1eqPM@msn.com','eWDEWammna')
INSERT INTO Customer (id, name, phone, mail) VALUES (4,'h8n7n3kd76',13967750925,'uE8w@126.com','e67wXedGhS')
INSERT INTO Review_List  (id, review_id,user_login) VALUES (18,28,'NB31BePxK7')
INSERT INTO Review (id, sendler_id, message, rate) VALUES (97,NB31BePxK7,'Мужик огонь',5)
INSERT INTO User (login, phone, mail, password) VALUES ('dZpeT8SeFM',13818721564,'83TP@aol.com','9k9QZTd1ma')
INSERT INTO Customer (id, name, phone, mail) VALUES (36,'FpBDDhWE8k',15333768590,'6LAzaERKE@yahoo.com','kEDdNaNWBs')
INSERT INTO Review_List  (id, review_id,user_login) VALUES (76,68,'dZpeT8SeFM')
INSERT INTO Review (id, sendler_id, message, rate) VALUES (13,dZpeT8SeFM,'Четкий парень',4)
INSERT INTO User (login, phone, mail, password) VALUES ('phKSZS99Zs',13314418412,'3FgqKf5@yahoo.com.cn','pe173D5SxR')
INSERT INTO Customer (id, name, phone, mail) VALUES (24,'N9haDmmwX6',13517265209,'4mGLc@126.com','HzpWnxGpa7')
INSERT INTO Review_List  (id, review_id,user_login) VALUES (15,97,'phKSZS99Zs')
INSERT INTO Review (id, sendler_id, message, rate) VALUES (82,phKSZS99Zs,'Все понравилось',6)
INSERT INTO User (login, phone, mail, password) VALUES ('KxbTKHxZXd',13998958036,'AiccJkn@yahoo.com','76NEGHNBPh')
INSERT INTO Customer (id, name, phone, mail) VALUES (0,'hsdnhW49Qx',15944568780,'NZ0P7@163.com','p2mpNZddpG')
INSERT INTO Review_List  (id, review_id,user_login) VALUES (12,10,'KxbTKHxZXd')
INSERT INTO Review (id, sendler_id, message, rate) VALUES (56,KxbTKHxZXd,'За слова отвечает',4)
INSERT INTO User (login, phone, mail, password) VALUES ('XFRpx3sEP5',15867838946,'4TyKExoBzp@163.com','3xzaDAk4QW')
INSERT INTO Customer (id, name, phone, mail) VALUES (19,'5MNZQeZTk7',13437993564,'SOhHk@263.net','sm4NwMS862')
INSERT INTO Review_List  (id, review_id,user_login) VALUES (91,97,'XFRpx3sEP5')
INSERT INTO Review (id, sendler_id, message, rate) VALUES (88,XFRpx3sEP5,'Класс',2)
INSERT INTO User (login, phone, mail, password) VALUES ('RD4QkhGbWH',13500891486,'uE4roVE@gmail.com','3dznzD4TWA')
INSERT INTO Customer (id, name, phone, mail) VALUES (3,'9SGkZ82APn',13174275149,'4Pvyk@sina.com','4Zke5nEMhX')
INSERT INTO Review_List  (id, review_id,user_login) VALUES (15,77,'RD4QkhGbWH')
INSERT INTO Review (id, sendler_id, message, rate) VALUES (48,RD4QkhGbWH,'Класс',1)
INSERT INTO User (login, phone, mail, password) VALUES ('3mMPWdedTA',15552997157,'PG4rS87Er@aol.com','hSpKK1xHEd')
INSERT INTO Customer (id, name, phone, mail) VALUES (2,'nsZh1QKKpa',15584322666,'NS4FabVWt@yahoo.com','GGp3nP9BAk')
INSERT INTO Review_List  (id, review_id,user_login) VALUES (84,33,'3mMPWdedTA')
INSERT INTO Review (id, sendler_id, message, rate) VALUES (58,3mMPWdedTA,'По понятиям живет',8)
INSERT INTO User (login, phone, mail, password) VALUES ('62F97FbSNx',15133328511,'gNuH@sina.com','Ze6hhNsXxK')
INSERT INTO Customer (id, name, phone, mail) VALUES (3,'S3QdAPE6FR',13083488900,'4zQEkGG@gmail.com','BsFmpsGEz9')
INSERT INTO Review_List  (id, review_id,user_login) VALUES (10,54,'62F97FbSNx')
INSERT INTO Review (id, sendler_id, message, rate) VALUES (36,62F97FbSNx,'Четкий парень',7)
INSERT INTO User (login, phone, mail, password) VALUES ('P6HdwnPAMk',13563530807,'8dPO6PxO@yeah.net','ZEBWZhnBXS')
INSERT INTO Customer (id, name, phone, mail) VALUES (66,'2kET6h8dhM',15708488908,'AtFi4@263.net','W7MnDPzw7W')
INSERT INTO Review_List  (id, review_id,user_login) VALUES (75,98,'P6HdwnPAMk')
INSERT INTO Review (id, sendler_id, message, rate) VALUES (86,P6HdwnPAMk,'Четкий парень',1)
INSERT INTO User (login, phone, mail, password) VALUES ('Xz24QRTAAk',13221612429,'sJcq51zR@126.com','e4bEmDDhzH')
INSERT INTO Customer (id, name, phone, mail) VALUES (98,'S1K9PZFk75',15212093948,'DU0T@yeah.net','1XAPWA62ks')
INSERT INTO Review_List  (id, review_id,user_login) VALUES (82,60,'Xz24QRTAAk')
INSERT INTO Review (id, sendler_id, message, rate) VALUES (26,Xz24QRTAAk,'За слова отвечает',0)
INSERT INTO User (login, phone, mail, password) VALUES ('mZFF5kmnad',13663755197,'qAp0Z@ask.com','5sRFB4Rmsn')
INSERT INTO Customer (id, name, phone, mail) VALUES (31,'H67k8BAbQE',13954902091,'ngRkcrg@aol.com','WkMxPWePhs')
INSERT INTO Review_List  (id, review_id,user_login) VALUES (19,55,'mZFF5kmnad')
INSERT INTO Review (id, sendler_id, message, rate) VALUES (86,mZFF5kmnad,'Мужик огонь',2)
INSERT INTO User (login, phone, mail, password) VALUES ('x521xD2eE6',15790161014,'SnzTfUxhU2@hotmail.com','5aSR52Xhb7')
INSERT INTO Customer (id, name, phone, mail) VALUES (37,'aawnFWW8Wn',13001797275,'X2gy3snq@126.com','EwHFXS2AMG')
INSERT INTO Review_List  (id, review_id,user_login) VALUES (5,21,'x521xD2eE6')
INSERT INTO Review (id, sendler_id, message, rate) VALUES (54,x521xD2eE6,'Все понравилось',8)
INSERT INTO User (login, phone, mail, password) VALUES ('MaMAaBS9x6',13125263177,'E8v0Xdbo@yahoo.com.cn','kMzA8A33MT')
INSERT INTO Customer (id, name, phone, mail) VALUES (59,'4n6PszRK7a',13331630130,'xJPENN@qq.com','NddaSn2PNd')
INSERT INTO Review_List  (id, review_id,user_login) VALUES (28,40,'MaMAaBS9x6')
INSERT INTO Review (id, sendler_id, message, rate) VALUES (76,MaMAaBS9x6,'За слова отвечает',8)
INSERT INTO User (login, phone, mail, password) VALUES ('7NHdhXBZXB',13689358874,'2ieDz23@aol.com','MBTeF17dMK')
INSERT INTO Customer (id, name, phone, mail) VALUES (24,'8Dn5PaM6xa',15308677606,'gsV94@0355.net','WTW98NRbER')
INSERT INTO Review_List  (id, review_id,user_login) VALUES (62,48,'7NHdhXBZXB')
INSERT INTO Review (id, sendler_id, message, rate) VALUES (23,7NHdhXBZXB,'За слова отвечает',0)
INSERT INTO User (login, phone, mail, password) VALUES ('XHpFkP7Sxp',13049090976,'Dz8eHTtiyu@yeah.net','z9zbXM5m9z')
INSERT INTO Customer (id, name, phone, mail) VALUES (48,'eR2HSRDAnM',13933827843,'jHUFxpiAur@msn.com','SA2Z92s4BW')
INSERT INTO Review_List  (id, review_id,user_login) VALUES (8,58,'XHpFkP7Sxp')
INSERT INTO Review (id, sendler_id, message, rate) VALUES (57,XHpFkP7Sxp,'Мужик огонь',9)
INSERT INTO User (login, phone, mail, password) VALUES ('xKFzA7SkWW',13925269504,'eoVTNlO@sohu.com','NGd1EB1BdZ')
INSERT INTO Customer (id, name, phone, mail) VALUES (18,'R3wd5m1dsR',15014698046,'IvvV3n64dr@qq.com','2MwRxzMPsx')
INSERT INTO Review_List  (id, review_id,user_login) VALUES (21,11,'xKFzA7SkWW')
INSERT INTO Review (id, sendler_id, message, rate) VALUES (17,xKFzA7SkWW,'Все понравилось',6)
INSERT INTO User (login, phone, mail, password) VALUES ('99bQRNN6zM',13540422433,'kud2l@163.com','a5xw1pzR4Q')
INSERT INTO Customer (id, name, phone, mail) VALUES (74,'DmHxz8z9AK',13595096378,'VwdY8P@qq.com','GF4WA3wnpM')
INSERT INTO Review_List  (id, review_id,user_login) VALUES (89,20,'99bQRNN6zM')
INSERT INTO Review (id, sendler_id, message, rate) VALUES (66,99bQRNN6zM,'Мужик огонь',0)
INSERT INTO User (login, phone, mail, password) VALUES ('hewTKSFMXd',15059261520,'kse6qQ@aol.com','Z2QZWSNQzD')
INSERT INTO Customer (id, name, phone, mail) VALUES (39,'wFZXkhDPQx',13814497779,'fR1ZMV1ELX@ask.com','WnFnakG7dH')
INSERT INTO Review_List  (id, review_id,user_login) VALUES (60,64,'hewTKSFMXd')
INSERT INTO Review (id, sendler_id, message, rate) VALUES (98,hewTKSFMXd,'За слова отвечает',1)
INSERT INTO User (login, phone, mail, password) VALUES ('D1m17pRbX7',15293468829,'9jeI@aol.com','ATN11T11RG')
INSERT INTO Customer (id, name, phone, mail) VALUES (2,'MHSH3eGahw',13493520492,'frhBmrL7Q@msn.com','9FnRwDpwea')
INSERT INTO Review_List  (id, review_id,user_login) VALUES (67,74,'D1m17pRbX7')
INSERT INTO Review (id, sendler_id, message, rate) VALUES (85,D1m17pRbX7,'За слова отвечает',2)
INSERT INTO User (login, phone, mail, password) VALUES ('WWD3FsHSW9',13149113683,'mquah0kkpt@163.com','ewF734GTD2')
INSERT INTO Customer (id, name, phone, mail) VALUES (60,'Psnw6NZw5B',13918893297,'3PLyea@live.com','zm5NwxEPR9')
INSERT INTO Review_List  (id, review_id,user_login) VALUES (11,21,'WWD3FsHSW9')
INSERT INTO Review (id, sendler_id, message, rate) VALUES (2,WWD3FsHSW9,'За слова отвечает',9)
INSERT INTO User (login, phone, mail, password) VALUES ('pHSkkK6b21',13630288877,'9hwFB5k@yahoo.com','8Xh8TDewX7')
INSERT INTO Customer (id, name, phone, mail) VALUES (62,'5xshAz918M',15318668795,'z8ln@yahoo.com','FEphS3Kx5T')
INSERT INTO Review_List  (id, review_id,user_login) VALUES (0,14,'pHSkkK6b21')
INSERT INTO Review (id, sendler_id, message, rate) VALUES (28,pHSkkK6b21,'Мужик огонь',1)
INSERT INTO User (login, phone, mail, password) VALUES ('Z96xdTG7W6',13648141294,'wgLL4Imo@3721.net','BzR35P6k3G')
INSERT INTO Customer (id, name, phone, mail) VALUES (88,'T7kz5FZ58W',15351172675,'zxlZ@0355.net','BmMWW1DQWR')
INSERT INTO Review_List  (id, review_id,user_login) VALUES (24,89,'Z96xdTG7W6')
INSERT INTO Review (id, sendler_id, message, rate) VALUES (36,Z96xdTG7W6,'По понятиям живет',8)
INSERT INTO User (login, phone, mail, password) VALUES ('pw3BSP8ASQ',15991029439,'8LsLGgNe6@yahoo.com','RQwMmd4b8n')
INSERT INTO Customer (id, name, phone, mail) VALUES (33,'9RZQs954ZR',13120385747,'VkTa@ask.com','Gzbweb8NMM')
INSERT INTO Review_List  (id, review_id,user_login) VALUES (19,4,'pw3BSP8ASQ')
INSERT INTO Review (id, sendler_id, message, rate) VALUES (51,pw3BSP8ASQ,'По понятиям живет',0)
INSERT INTO User (login, phone, mail, password) VALUES ('dMS5w4s4k2',13253373497,'xmiTw@3721.net','zRRFen46AK')
INSERT INTO Customer (id, name, phone, mail) VALUES (53,'k2aHxWX1De',13408516155,'TM5L9TnYNP@263.net','pT3A8p5SsS')
INSERT INTO Review_List  (id, review_id,user_login) VALUES (79,32,'dMS5w4s4k2')
INSERT INTO Review (id, sendler_id, message, rate) VALUES (43,dMS5w4s4k2,'Все понравилось',4)
INSERT INTO User (login, phone, mail, password) VALUES ('7EK8878Bwm',15779753560,'ZUa6BKrr@yahoo.com.cn','h5RdzeNRE9')
INSERT INTO Customer (id, name, phone, mail) VALUES (16,'ddwNda2QSB',15900030074,'RplaYX1PEa@sohu.com','bm4kZQdQFx')
INSERT INTO Review_List  (id, review_id,user_login) VALUES (75,36,'7EK8878Bwm')
INSERT INTO Review (id, sendler_id, message, rate) VALUES (17,7EK8878Bwm,'По понятиям живет',1)
INSERT INTO User (login, phone, mail, password) VALUES ('WBT81Xp28b',15592446557,'4e2sZOaI1@yahoo.com.cn','TM8N2E4PdQ')
INSERT INTO Customer (id, name, phone, mail) VALUES (53,'F2zawa97WT',15266820658,'GXR97MyV2t@yahoo.com','9H24GAB261')
INSERT INTO Review_List  (id, review_id,user_login) VALUES (1,98,'WBT81Xp28b')
INSERT INTO Review (id, sendler_id, message, rate) VALUES (36,WBT81Xp28b,'Все понравилось',2)
INSERT INTO User (login, phone, mail, password) VALUES ('WQ3a22b5TA',15844688517,'Mb5eW5@ask.com','TpMwkTKP2G')
INSERT INTO Customer (id, name, phone, mail) VALUES (5,'QTBZ4dQn7b',15624283492,'rVTu@msn.com','abd8dpEpZR')
INSERT INTO Review_List  (id, review_id,user_login) VALUES (64,34,'WQ3a22b5TA')
INSERT INTO Review (id, sendler_id, message, rate) VALUES (27,WQ3a22b5TA,'За слова отвечает',4)
INSERT INTO User (login, phone, mail, password) VALUES ('3RFG1GzAHs',13325517720,'jI9yUxRdY@3721.net','Q3De5h68ZP')
INSERT INTO Customer (id, name, phone, mail) VALUES (8,'1bDG9FSPM4',13572405527,'lN4Jj@msn.com','KF438SaaX2')
INSERT INTO Review_List  (id, review_id,user_login) VALUES (48,41,'3RFG1GzAHs')
INSERT INTO Review (id, sendler_id, message, rate) VALUES (56,3RFG1GzAHs,'Класс',6)
INSERT INTO User (login, phone, mail, password) VALUES ('zM9wkm1n1F',15357497098,'svF84fpzP@qq.com','nshm19TNT4')
INSERT INTO Customer (id, name, phone, mail) VALUES (81,'ZQPTZ21edW',13462289054,'lIFCzJs3d@sohu.com','kbzSm648ES')
INSERT INTO Review_List  (id, review_id,user_login) VALUES (54,36,'zM9wkm1n1F')
INSERT INTO Review (id, sendler_id, message, rate) VALUES (30,zM9wkm1n1F,'Класс',5)
INSERT INTO User (login, phone, mail, password) VALUES ('wAKX6Ad3AS',13888969937,'a435OeNu7p@live.com','a5D8X2316d')
INSERT INTO Customer (id, name, phone, mail) VALUES (36,'3nS8nPe2aG',15666891731,'Ictps@3721.net','NP6TX5PsQZ')
INSERT INTO Review_List  (id, review_id,user_login) VALUES (57,91,'wAKX6Ad3AS')
INSERT INTO Review (id, sendler_id, message, rate) VALUES (42,wAKX6Ad3AS,'За слова отвечает',9)
INSERT INTO User (login, phone, mail, password) VALUES ('KNPAdbns7A',13687297906,'QToEP@qq.com','Eee6w71znX')
INSERT INTO Customer (id, name, phone, mail) VALUES (33,'kshGbX274Q',13287456377,'LSovs0Ur8F@yahoo.com.cn','De7Rm83dQz')
INSERT INTO Review_List  (id, review_id,user_login) VALUES (49,14,'KNPAdbns7A')
INSERT INTO Review (id, sendler_id, message, rate) VALUES (55,KNPAdbns7A,'Класс',5)
INSERT INTO User (login, phone, mail, password) VALUES ('wmxsHeAK21',13167363300,'PCx1ClY@yahoo.com','Tx7954a7Ez')
INSERT INTO Customer (id, name, phone, mail) VALUES (65,'xsK1x6HAkP',13565236180,'3qrsb6R@163.net','pb4EZTX7aZ')
INSERT INTO Review_List  (id, review_id,user_login) VALUES (64,85,'wmxsHeAK21')
INSERT INTO Review (id, sendler_id, message, rate) VALUES (32,wmxsHeAK21,'Класс',5)
INSERT INTO User (login, phone, mail, password) VALUES ('mM3SF319TD',13992104337,'01dELN@live.com','p9GR5bBA76')
INSERT INTO Customer (id, name, phone, mail) VALUES (45,'hRXP1xx9XN',13791853874,'vZye@gmail.com','T96KeFhKN3')
INSERT INTO Review_List  (id, review_id,user_login) VALUES (59,26,'mM3SF319TD')
INSERT INTO Review (id, sendler_id, message, rate) VALUES (32,mM3SF319TD,'Четкий парень',3)
INSERT INTO User (login, phone, mail, password) VALUES ('z7w48GFBnW',15783626519,'SHRGm@yeah.net','FdbSBKG8mW')
INSERT INTO Customer (id, name, phone, mail) VALUES (41,'9dENQF6R56',15166742692,'C5hQy@163.net','A5XNmSQADD')
INSERT INTO Review_List  (id, review_id,user_login) VALUES (6,62,'z7w48GFBnW')
INSERT INTO Review (id, sendler_id, message, rate) VALUES (15,z7w48GFBnW,'За слова отвечает',6)
INSERT INTO User (login, phone, mail, password) VALUES ('S32KMahxK6',15845447161,'yQikGmc@sina.com','MHz2FP6wEn')
INSERT INTO Customer (id, name, phone, mail) VALUES (36,'x21DBdDsxQ',15066968979,'Qav2L4BEBX@sohu.com','ne7N1k7F6A')
INSERT INTO Review_List  (id, review_id,user_login) VALUES (18,96,'S32KMahxK6')
INSERT INTO Review (id, sendler_id, message, rate) VALUES (87,S32KMahxK6,'Четкий парень',0)
INSERT INTO User (login, phone, mail, password) VALUES ('8Z9eQ8nheQ',13845395775,'0GrGm2ufR@126.com','DeG8HS7392')
INSERT INTO Customer (id, name, phone, mail) VALUES (45,'e8b2zkbBx4',15563888114,'4lv7VAF@163.net','pD12GGm95W')
INSERT INTO Review_List  (id, review_id,user_login) VALUES (62,66,'8Z9eQ8nheQ')
INSERT INTO Review (id, sendler_id, message, rate) VALUES (26,8Z9eQ8nheQ,'Все понравилось',6)
INSERT INTO User (login, phone, mail, password) VALUES ('HRKApDeEQD',13752154301,'hky4xYn@126.com','XPkA24A3hs')
INSERT INTO Customer (id, name, phone, mail) VALUES (99,'R95DmX1W82',13589676607,'50ea8C@ask.com','ASW5MZnBab')
INSERT INTO Review_List  (id, review_id,user_login) VALUES (49,38,'HRKApDeEQD')
INSERT INTO Review (id, sendler_id, message, rate) VALUES (65,HRKApDeEQD,'Мужик огонь',8)
INSERT INTO User (login, phone, mail, password) VALUES ('4zTm6bs9KD',15629179952,'1PxMTPQe@sohu.com','Hxk7BGn78P')
INSERT INTO Customer (id, name, phone, mail) VALUES (59,'PxnBZH9ANK',13743221531,'IuSsa@yeah.net','xKD6XZ7a6s')
INSERT INTO Review_List  (id, review_id,user_login) VALUES (80,2,'4zTm6bs9KD')
INSERT INTO Review (id, sendler_id, message, rate) VALUES (98,4zTm6bs9KD,'Класс',5)
INSERT INTO User (login, phone, mail, password) VALUES ('hW1XaEpXwX',15073875401,'4jxiZ@163.net','QT29R6KDww')
INSERT INTO Customer (id, name, phone, mail) VALUES (66,'nPE39wd6Zp',15679205950,'nSovAoredV@163.com','PMdbFQ93xG')
INSERT INTO Review_List  (id, review_id,user_login) VALUES (12,35,'hW1XaEpXwX')
INSERT INTO Review (id, sendler_id, message, rate) VALUES (88,hW1XaEpXwX,'По понятиям живет',8)
INSERT INTO User (login, phone, mail, password) VALUES ('2hmDX8TepR',13124536802,'T39mzA@sina.com','Z4dAmb2KD2')
INSERT INTO Customer (id, name, phone, mail) VALUES (88,'FeXKSs5Dw3',13658975096,'uxt0U@yeah.net','Dex8ddQ41M')
INSERT INTO Review_List  (id, review_id,user_login) VALUES (30,25,'2hmDX8TepR')
INSERT INTO Review (id, sendler_id, message, rate) VALUES (46,2hmDX8TepR,'За слова отвечает',1)
INSERT INTO User (login, phone, mail, password) VALUES ('75n7pek583',13685015537,'BmFt@263.net','dZzRFkdeh1')
INSERT INTO Customer (id, name, phone, mail) VALUES (11,'pA61DHBR9D',13083916585,'MfxWj2M9@sina.com','xKxWANTdGN')
INSERT INTO Review_List  (id, review_id,user_login) VALUES (83,41,'75n7pek583')
INSERT INTO Review (id, sendler_id, message, rate) VALUES (9,75n7pek583,'Класс',0)
INSERT INTO User (login, phone, mail, password) VALUES ('H96aZAheZQ',13038952142,'C9RTsp@sohu.com','97hRnSZp61')
INSERT INTO Customer (id, name, phone, mail) VALUES (78,'1F6Q6ERZMZ',15285687501,'XR8K0Tza@163.net','6np73NX2P6')
INSERT INTO Review_List  (id, review_id,user_login) VALUES (42,4,'H96aZAheZQ')
INSERT INTO Review (id, sendler_id, message, rate) VALUES (8,H96aZAheZQ,'По понятиям живет',1)
INSERT INTO User (login, phone, mail, password) VALUES ('6FKnWk4zWW',13449215979,'p4m6f04I@hotmail.com','T8b6k7PXmm')
INSERT INTO Customer (id, name, phone, mail) VALUES (22,'HM9eWD12GD',13627570591,'z1tPI@live.com','pdmT3kZpd2')
INSERT INTO Review_List  (id, review_id,user_login) VALUES (45,0,'6FKnWk4zWW')
INSERT INTO Review (id, sendler_id, message, rate) VALUES (83,6FKnWk4zWW,'Класс',1)
INSERT INTO User (login, phone, mail, password) VALUES ('3aKW2BSz9s',13129855390,'IUwaNxrFb@yeah.net','z9AbPHQX43')
INSERT INTO Customer (id, name, phone, mail) VALUES (94,'94NaSnBXb9',13917952848,'4wTx2i@0355.net','h5QzEa4bKM')
INSERT INTO Review_List  (id, review_id,user_login) VALUES (49,20,'3aKW2BSz9s')
INSERT INTO Review (id, sendler_id, message, rate) VALUES (91,3aKW2BSz9s,'Мужик огонь',8)
INSERT INTO User (login, phone, mail, password) VALUES ('pNF2aphQb4',15556655068,'sVqqcvgOe@aol.com','6PkQDah6xG')
INSERT INTO Customer (id, name, phone, mail) VALUES (68,'TzbxHEGaz8',13219968239,'a33aHYmW@sohu.com','Xk6pR9AWpA')
INSERT INTO Review_List  (id, review_id,user_login) VALUES (50,54,'pNF2aphQb4')
INSERT INTO Review (id, sendler_id, message, rate) VALUES (89,pNF2aphQb4,'Четкий парень',2)
INSERT INTO User (login, phone, mail, password) VALUES ('mnn4b67eT4',13647174859,'1KJ6ijx4@yeah.net','5RQ9QkZK6d')
INSERT INTO Customer (id, name, phone, mail) VALUES (94,'ZbHzMpMamX',13501690530,'MbLF@yeah.net','4596SdpN9z')
INSERT INTO Review_List  (id, review_id,user_login) VALUES (25,35,'mnn4b67eT4')
INSERT INTO Review (id, sendler_id, message, rate) VALUES (64,mnn4b67eT4,'По понятиям живет',2)
INSERT INTO User (login, phone, mail, password) VALUES ('DPkbbhs7hR',13657140109,'duq0h2u@sohu.com','AFA85SAbRh')
INSERT INTO Customer (id, name, phone, mail) VALUES (63,'EX93FsP3hK',15080026681,'G9DvNEIUBZ@163.net','G4P5kAd7e7')
INSERT INTO Review_List  (id, review_id,user_login) VALUES (92,65,'DPkbbhs7hR')
INSERT INTO Review (id, sendler_id, message, rate) VALUES (17,DPkbbhs7hR,'За слова отвечает',2)
INSERT INTO User (login, phone, mail, password) VALUES ('wzXNSnsbaw',13430118355,'6LRDMOkyGm@qq.com','PwD7mknF99')
INSERT INTO Customer (id, name, phone, mail) VALUES (72,'7aSDp9WbXx',13996297297,'zicU@0355.net','DXXnd5pa53')
INSERT INTO Review_List  (id, review_id,user_login) VALUES (17,52,'wzXNSnsbaw')
INSERT INTO Review (id, sendler_id, message, rate) VALUES (71,wzXNSnsbaw,'Класс',0)
INSERT INTO Farm (id,location) VALUES (81,3)
INSERT INTO Location (id,counry_name, price_per_month, square) VALUES (2,Ukraine,80,18)
INSERT INTO Farm (id,location) VALUES (90,4)
INSERT INTO Location (id,counry_name, price_per_month, square) VALUES (5,USA,85,54)
INSERT INTO Farm (id,location) VALUES (17,6)
INSERT INTO Location (id,counry_name, price_per_month, square) VALUES (4,France,61,76)
INSERT INTO Farm (id,location) VALUES (80,3)
INSERT INTO Location (id,counry_name, price_per_month, square) VALUES (3,Ukraine,8,4)
INSERT INTO Farm (id,location) VALUES (94,6)
INSERT INTO Location (id,counry_name, price_per_month, square) VALUES (5,Ukraine,45,96)
INSERT INTO Farm (id,location) VALUES (48,1)
INSERT INTO Location (id,counry_name, price_per_month, square) VALUES (5,Ukraine,1,65)
INSERT INTO Farm (id,location) VALUES (97,5)
INSERT INTO Location (id,counry_name, price_per_month, square) VALUES (0,Russia,32,67)
INSERT INTO Farm (id,location) VALUES (21,6)
INSERT INTO Location (id,counry_name, price_per_month, square) VALUES (2,France,95,36)
INSERT INTO Farm (id,location) VALUES (10,6)
INSERT INTO Location (id,counry_name, price_per_month, square) VALUES (5,Brazil,41,67)
INSERT INTO Farm (id,location) VALUES (58,0)
INSERT INTO Location (id,counry_name, price_per_month, square) VALUES (1,Kavkaz,50,50)
INSERT INTO Farm (id,location) VALUES (63,4)
INSERT INTO Location (id,counry_name, price_per_month, square) VALUES (1,Russia,74,24)
INSERT INTO Farm (id,location) VALUES (65,3)
INSERT INTO Location (id,counry_name, price_per_month, square) VALUES (5,France,97,60)
INSERT INTO Farm (id,location) VALUES (56,6)
INSERT INTO Location (id,counry_name, price_per_month, square) VALUES (0,Brazil,49,5)
INSERT INTO Farm (id,location) VALUES (26,2)
INSERT INTO Location (id,counry_name, price_per_month, square) VALUES (5,Russia,61,5)
INSERT INTO Farm (id,location) VALUES (16,4)
INSERT INTO Location (id,counry_name, price_per_month, square) VALUES (3,USA,40,67)
INSERT INTO Farm (id,location) VALUES (25,1)
INSERT INTO Location (id,counry_name, price_per_month, square) VALUES (6,Italy,8,64)
INSERT INTO Farm (id,location) VALUES (35,0)
INSERT INTO Location (id,counry_name, price_per_month, square) VALUES (5,Italy,3,28)
INSERT INTO Farm (id,location) VALUES (31,1)
INSERT INTO Location (id,counry_name, price_per_month, square) VALUES (6,France,10,48)
INSERT INTO Farm (id,location) VALUES (83,6)
INSERT INTO Location (id,counry_name, price_per_month, square) VALUES (4,USA,94,85)
INSERT INTO Farm (id,location) VALUES (41,2)
INSERT INTO Location (id,counry_name, price_per_month, square) VALUES (3,Italy,50,35)
INSERT INTO Farm (id,location) VALUES (11,0)
INSERT INTO Location (id,counry_name, price_per_month, square) VALUES (5,Brazil,73,29)
INSERT INTO Farm (id,location) VALUES (68,0)
INSERT INTO Location (id,counry_name, price_per_month, square) VALUES (0,Ukraine,38,77)
INSERT INTO Farm (id,location) VALUES (69,2)
INSERT INTO Location (id,counry_name, price_per_month, square) VALUES (4,France,32,9)
INSERT INTO Farm (id,location) VALUES (36,4)
INSERT INTO Location (id,counry_name, price_per_month, square) VALUES (2,Brazil,51,9)
INSERT INTO Farm (id,location) VALUES (76,0)
INSERT INTO Location (id,counry_name, price_per_month, square) VALUES (2,France,8,28)
INSERT INTO Country (name,soil_type, sunlight_amount) VALUES ('Brazil','почва',5)
INSERT INTO Country (name,soil_type, sunlight_amount) VALUES ('Russia','почва',78)
INSERT INTO Country (name,soil_type, sunlight_amount) VALUES ('USA','чернозем',54)
INSERT INTO Country (name,soil_type, sunlight_amount) VALUES ('France','почва',29)
INSERT INTO Country (name,soil_type, sunlight_amount) VALUES ('Italy','чернозем',94)
INSERT INTO Country (name,soil_type, sunlight_amount) VALUES ('Kavkaz','почва',1)
INSERT INTO Country (name,soil_type, sunlight_amount) VALUES ('Ukraine','почва',24)